layer,max_attention_future,mean_first_token_all_queries,mean_first_token_excluding_q0
1,0.0,0.3169465661048889,0.2600254714488983
2,0.0,0.4950874149799347,0.4530113637447357
3,0.0,0.48676797747612,0.44399866461753845
4,0.0,0.5973609089851379,0.5638076663017273
5,0.0,0.6270701289176941,0.5959926843643188
6,0.0,0.7609358429908752,0.741013765335083
7,0.0,0.7333687543869019,0.7111495137214661
8,0.0,0.8281082510948181,0.8137839436531067
9,0.0,0.7906928062438965,0.7732504606246948
10,0.0,0.8281242251396179,0.8138012886047363
11,0.0,0.8602805733680725,0.8486372828483582
12,0.0,0.7345624566078186,0.7124426364898682
