layer,BERT_entropy_norm,GPT2_entropy_norm
1,0.7589739561080933,0.6749998927116394
2,0.6483632326126099,0.7107818126678467
3,0.5700475573539734,0.682299017906189
4,0.6105802655220032,0.522253155708313
5,0.552482545375824,0.45252540707588196
6,0.43015506863594055,0.40768519043922424
7,0.47647368907928467,0.46243414282798767
8,0.439840704202652,0.3334771692752838
9,0.5408579707145691,0.4443557858467102
10,0.5432308912277222,0.3413331210613251
11,0.5483113527297974,0.3145614266395569
12,0.5787577629089355,0.4706459939479828
