layer,head,tired_it_animal,tired_it_street,wide_it_animal,wide_it_street,strict_cross,combined_margin
7,11,0.2842687666416168,0.0670863464474678,0.011940132826566696,0.5901731848716736,True,0.7954154722392559
9,11,0.6755204796791077,0.0004078747006133199,0.30909132957458496,0.2592483460903168,False,0.6252696214942262
10,9,0.4544357657432556,0.00254819355905056,0.02288418635725975,0.04494929686188698,True,0.4739526826888323
10,1,0.6079471707344055,0.002260389970615506,0.25537109375,0.0744359940290451,False,0.4247516810428351
11,9,0.5642866492271423,0.0014942840207368135,0.2449253499507904,0.07805266231298447,False,0.3959196775685996
9,5,0.24165946245193481,0.014475861564278603,0.04621747136116028,0.20908194780349731,True,0.39004807732999325
5,11,0.3329885005950928,0.09522289037704468,0.16743937134742737,0.28825798630714417,True,0.3585842251777649
11,7,0.7141128182411194,0.00800144113600254,0.48965758085250854,0.10773956775665283,False,0.32419336400926113
10,2,0.4321975111961365,0.016039680689573288,0.34144726395606995,0.21640950441360474,False,0.291120070964098
9,8,0.20520730316638947,0.05025291442871094,0.061113931238651276,0.19436708092689514,True,0.2882075384259224
7,5,0.23856860399246216,0.1338842213153839,0.08145161718130112,0.25095683336257935,True,0.2741895988583565
7,3,0.576170802116394,0.008769361302256584,0.38415804505348206,0.024097513407468796,False,0.2073409091681242
9,4,0.08216976374387741,0.025616522878408432,0.012958808802068233,0.15941670536994934,True,0.2030111374333501
7,1,0.40838003158569336,0.013550696894526482,0.22715632617473602,0.032970789819955826,False,0.20064379833638668
11,2,0.18407143652439117,0.0035764304921031,0.042210668325424194,0.04846462607383728,True,0.18674896378070116
11,3,0.18841539323329926,0.000427881081122905,0.020524391904473305,0.004795294255018234,False,0.17225841450272128
5,1,0.2634523808956146,0.028593210503458977,0.10371103137731552,0.038408782333135605,False,0.16955692134797573
10,6,0.32801949977874756,0.10625559091567993,0.14117439091205597,0.07342274487018585,False,0.1540122628211975
10,8,0.22526922821998596,0.03877830132842064,0.10341008752584457,0.06981482356786728,False,0.15289566293358803
9,2,0.11500775814056396,0.004341632593423128,0.01542675495147705,0.056376297026872635,True,0.15161566762253642
11,11,0.12927323579788208,9.219662615578272e-07,0.0017973992507904768,0.00040916865691542625,False,0.12788408323774547
6,4,0.14948055148124695,0.02016337215900421,0.037608154118061066,0.018411869183182716,False,0.11012089438736439
12,4,0.11576105654239655,0.018751168623566628,0.026750965043902397,0.03936731442809105,True,0.10962623730301857
9,1,0.1265122890472412,0.005549663677811623,0.04393305629491806,0.031109729781746864,False,0.10813929885625839
4,11,0.8469520807266235,0.045739781111478806,0.7564111351966858,0.057843536138534546,False,0.10264470055699348
3,11,0.5168420672416687,0.015821712091565132,0.41989371180534363,0.01936926320195198,False,0.10049590654671192
6,6,0.16412322223186493,0.00011056187940994278,0.0656597688794136,0.0006103907362557948,False,0.09896328220929718
12,9,0.04485660791397095,0.007420496083796024,0.01743929088115692,0.07603978365659714,True,0.09603660460561514
10,11,0.16411735117435455,0.020243950188159943,0.07339728623628616,0.013740078546106815,False,0.08421619329601526
12,10,0.0661136731505394,0.02325553260743618,0.01833168789744377,0.04574709013104439,True,0.07027354277670383
7,8,0.1280253827571869,0.11345997452735901,0.09655475616455078,0.14230340719223022,True,0.060314059257507324
8,12,0.07086557894945145,0.007680889684706926,0.06372538208961487,0.05242311581969261,False,0.051882422994822264
12,7,0.07908441871404648,0.004900052677839994,0.03705599904060364,0.012896787375211716,False,0.05002515437081456
11,6,0.05932753533124924,0.0028386672493070364,0.01779068447649479,0.0074175396002829075,False,0.04611572320573032
2,8,0.023836079984903336,0.0835636779665947,0.032133348286151886,0.13362818956375122,False,0.041767243295907974
10,5,0.07161419093608856,0.01686384156346321,0.024951597675681114,0.011564308777451515,False,0.04136306047439575
9,10,0.06386471539735794,0.008018394000828266,0.021391799673438072,0.003131724428385496,False,0.0375862461514771
12,6,0.005611800588667393,0.010599873960018158,0.00789994839578867,0.04736125096678734,False,0.0344732291996479
8,6,0.11918114125728607,0.02748218923807144,0.11330651491880417,0.05545753985643387,False,0.03384997695684433
12,3,0.036577776074409485,0.03174218907952309,0.02081526257097721,0.04841379448771477,True,0.032434118911623955
4,9,0.12087125331163406,0.0671042650938034,0.07708421349525452,0.054752133786678314,False,0.031434908509254456
9,9,0.1487244814634323,0.07198862731456757,0.0815252885222435,0.03465501591563225,False,0.029865581542253494
8,11,0.03956886753439903,0.011963272467255592,0.0041926587000489235,0.0058672986924648285,True,0.029280235059559345
5,4,0.3806251287460327,0.0016697427490726113,0.355294793844223,0.0055845570750534534,False,0.029245149227790534
7,9,0.03519456088542938,0.0057641430757939816,0.007629872299730778,0.006838446483016014,False,0.028638991992920637
9,6,0.03452473133802414,0.0038642354775220156,0.045175790786743164,0.041776396334171295,False,0.027261101407930255
5,5,0.04426995664834976,0.008544226177036762,0.0202487763017416,0.011443449184298515,False,0.026920403353869915
9,12,0.03127351403236389,0.00973273254930973,0.011207664385437965,0.013426578603684902,True,0.023759695701301098
11,10,0.04275815561413765,0.0018567085498943925,0.037645719945430756,0.019926035776734352,False,0.023181762895546854
11,1,0.03727197274565697,0.0020440611988306046,0.013082435354590416,0.0008769514388404787,False,0.023022427631076425
8,1,0.055698879063129425,0.009462319314479828,0.0354098305106163,0.01213171798735857,False,0.022958447225391865
6,5,0.07183372974395752,0.014309360645711422,0.07270646840333939,0.03612106293439865,False,0.020938963629305363
7,2,0.07188981771469116,0.01047950703650713,0.053628627210855484,0.012235579080879688,False,0.020017262548208237
5,9,0.02127070724964142,0.018724557012319565,0.01858794130384922,0.0358133539557457,True,0.01977156288921833
7,10,0.0027971297968178988,0.036179106682538986,0.0019347177585586905,0.051670141518116,False,0.01635344687383622
6,11,0.0025361492298543453,0.008436300791800022,0.0023527261801064014,0.024540459737181664,False,0.016287581995129585
4,2,0.13582377135753632,0.06666198372840881,0.1208772361278534,0.06664551049470901,False,0.014930061995983124
10,3,0.0639730915427208,0.0070405504666268826,0.05468083918094635,0.012671173550188541,False,0.014922875445336103
10,7,0.014750160276889801,0.0004521176451817155,0.0010211426997557282,0.0008128760964609683,False,0.014089776028413326
10,4,0.02282227762043476,0.005219354294240475,0.009315629489719868,0.005691360682249069,False,0.013978654518723488
12,1,0.020045680925250053,0.0015120592433959246,0.00741303525865078,0.0008979274425655603,False,0.01201851386576891
5,10,0.007459115702658892,0.01545441523194313,0.012294778600335121,0.029547376558184624,False,0.009257298428565264
9,3,0.004768489394336939,0.0006098665180616081,0.000525505980476737,0.00495203398168087,True,0.008585150877479464
4,5,0.05813111364841461,0.027700234204530716,0.06933761388063431,0.04698897525668144,False,0.00808224081993103
5,7,0.027549516409635544,0.030796796083450317,0.019510312005877495,0.029959985986351967,False,0.0072023943066596985
12,5,0.012795587070286274,0.0026480737142264843,0.00714449305087328,0.003751434152945876,False,0.006754454458132386
8,7,0.011409709230065346,0.0020677680149674416,0.003708408446982503,0.0009120912873186171,False,0.006545624055434018
4,8,0.011202693916857243,0.012129982002079487,0.00869419239461422,0.015372566878795624,False,0.00575108639895916
8,2,0.007024030666798353,0.0018452717922627926,0.005753536708652973,0.0057763634249567986,True,0.005201585590839386
2,5,2.008697083510924e-05,0.025186635553836823,1.9044618966290727e-05,0.029903970658779144,False,0.00471837745681114
8,9,0.012656735256314278,0.0025886702351272106,0.007162502035498619,0.0018119806190952659,False,0.004717543604783714
6,9,0.022731754928827286,0.021079443395137787,0.010614585131406784,0.01354947779327631,True,0.004587204195559025
3,9,0.01598941534757614,0.07082545012235641,0.01637466996908188,0.07568631321191788,False,0.004475608468055725
1,2,0.12625375390052795,0.15027226507663727,0.14684835076332092,0.17478477954864502,False,0.003917917609214783
3,6,0.02344265952706337,0.03159690648317337,0.022220907732844353,0.03374376893043518,False,0.0033686142414808273
2,3,0.005642244126647711,0.024221455678343773,0.008245410397648811,0.02969386801123619,False,0.0028692460618913174
1,10,0.037880875170230865,0.0883718878030777,0.040018193423748016,0.09335801750421524,False,0.002848811447620392
4,4,0.015128206461668015,0.02293512038886547,0.021430829539895058,0.032075077295303345,False,0.0028373338282108307
6,3,0.018506255000829697,0.02032175101339817,0.00909892376512289,0.013634701259434223,False,0.002720281481742859
3,3,0.008866392076015472,0.006943633314222097,0.0077388351783156395,0.008350568823516369,True,0.0025344924069941044
3,5,0.01681636832654476,0.020896347239613533,0.015516038984060287,0.022052926942706108,False,0.0024569090455770493
6,2,0.0009139772155322134,0.00285361404530704,0.0006695938645862043,0.005024457350373268,False,0.002415226656012237
6,12,0.004659573081880808,0.0012912295060232282,0.0019063751678913832,0.0008671640534885228,False,0.0023291324614547193
7,12,7.126253331080079e-05,0.003486890811473131,6.396738172043115e-05,0.005778856575489044,False,0.0022992609156062827
5,2,0.0409153588116169,0.015031610615551472,0.035733193159103394,0.012067160569131374,False,0.0022177156060934067
3,8,0.06138059124350548,0.06706465035676956,0.06327812373638153,0.0709129124879837,False,0.001950729638338089
7,6,0.0035102362744510174,0.00043401491711847484,0.0013807977084070444,0.00023242125462274998,False,0.0019278449035482481
1,12,0.013344630599021912,0.03807343170046806,0.01433348935097456,0.04089473560452461,False,0.001832445152103901
4,7,0.01131092756986618,0.0031525418162345886,0.01209623645991087,0.005466989241540432,False,0.0015291385352611542
10,10,0.009980921633541584,0.006939639337360859,0.009833640418946743,0.008268452249467373,False,0.001476094126701355
5,3,0.008723266422748566,0.012913057580590248,0.008701938204467297,0.014216967858374119,False,0.0013252384960651398
2,12,0.039378125220537186,0.003390855621546507,0.0385422445833683,0.003834864590317011,False,0.0012798896059393883
8,5,0.0022087967954576015,0.0015775716165080667,0.0007471090066246688,0.0013773273676633835,True,0.0012614435399882495
4,12,0.002389647765085101,0.026134639978408813,0.002375940326601267,0.02737157605588436,False,0.001250643515959382
8,10,0.008950367569923401,0.0030560882296413183,0.010386674664914608,0.005632161628454924,False,0.0011397663038223982
7,4,0.0006788575556129217,0.0019658273085951805,0.0003810533380601555,0.0027648622635751963,False,0.001096839172532782
7,7,0.0034749647602438927,0.002284523332491517,0.0018682257505133748,0.001602639677003026,False,0.0009248553542420268
12,2,0.0008904302958399057,0.0017482986440882087,0.0027597134467214346,0.004475912544876337,False,0.0008583307499065995
9,7,0.001217740005813539,0.0001360307214781642,0.0006807735771872103,0.0003758004168048501,False,0.0007767361239530146
8,8,0.001968428725376725,0.0006496282876469195,0.001024747034534812,0.00032349760294891894,False,0.0006175510061439127
12,8,0.007499310653656721,0.0036487688776105642,0.017335595563054085,0.01402868889272213,False,0.0005436351057142019
8,4,0.014211897738277912,0.0018760758684948087,0.013249191455543041,0.0011469117598608136,False,0.00023354217410087585
1,7,0.15584369003772736,0.059464097023010254,0.15560370683670044,0.05937252938747406,False,0.00014841556549072266
2,11,0.01621558703482151,0.0373188778758049,0.013110674917697906,0.03436070680618286,False,0.00014674104750156403
4,6,1.7841204680735245e-05,0.0015941103920340538,1.426700964657357e-05,0.001707675983197987,False,0.00011713978619809495
4,3,0.0004246500611770898,0.0005634754779748619,0.0008022889378480613,0.0010413983836770058,False,0.0001002840290311724
6,10,0.0009984794305637479,0.0010947019327431917,0.00032610425841994584,0.00047089403960853815,False,4.856727900914848e-05
6,8,0.0006977836019359529,0.0015452757943421602,0.00044216905371285975,0.0013182122493162751,False,2.8551003197208047e-05
1,4,0.000580956693738699,0.14267973601818085,0.0005809855065308511,0.14268682897090912,False,7.064139936119318e-06
3,1,2.1930501858946627e-08,2.8447162847555774e-08,2.9438211868182407e-08,2.4326638481397822e-08,False,-1.1628234375393731e-08
3,10,1.6532545998870773e-08,1.353691487793185e-07,1.850451702978262e-08,1.1875548011630599e-07,False,-1.858563969392435e-08
6,7,0.0007230679038912058,0.0017086974112316966,0.0005330704152584076,0.0015065933112055063,False,-1.2106611393392086e-05
4,1,0.0007782987668178976,7.62984054745175e-05,0.0008229117374867201,7.959501090226695e-05,False,-4.131636524107307e-05
2,2,8.344716479768977e-05,0.0004146414576098323,4.3805128370877355e-05,0.0003070228558499366,False,-6.797656533308327e-05
2,7,2.959716039185878e-05,0.0008151605143211782,2.6527051886660047e-05,0.0007427381933666766,False,-6.93522124493029e-05
1,3,0.00030639820033684373,0.05419456586241722,0.0003058875154238194,0.05410423502326012,False,-8.982015424408019e-05
1,1,0.05265280231833458,0.04847590625286102,0.05412908270955086,0.049835074692964554,False,-0.00011711195111274719
1,5,0.029175598174333572,0.036238010972738266,0.028517572209239006,0.035420697182416916,False,-0.00015928782522678375
1,8,0.04464732110500336,0.027474420145154,0.0450957752764225,0.02775038219988346,False,-0.000172492116689682
3,7,0.003453718265518546,0.0007376301218755543,0.003628359641879797,0.0007225553854368627,False,-0.0001897161127999425
5,6,0.0006073946133255959,0.0013847703812643886,0.00043894030386582017,0.0009412390063516796,False,-0.0002750770654529333
8,3,0.004962857346981764,0.0030168374069035053,0.0033632891718298197,0.0009314104681834579,False,-0.0004858587635681033
2,1,0.009681683965027332,0.0072842990048229694,0.013916469179093838,0.010956537909805775,False,-0.0005625463090837002
4,10,0.0018720555817708373,0.005080860573798418,0.0015519631560891867,0.004179257899522781,False,-0.000581510248593986
5,12,0.006295958999544382,0.005159830674529076,0.004811610095202923,0.003058678936213255,False,-0.0006168028339743614
3,2,7.084996468620375e-05,0.004777048714458942,9.580454207025468e-05,0.0038862633518874645,False,-0.0009157399399555288
6,1,0.003772006370127201,0.004909896291792393,0.003684211755171418,0.003862167941406369,False,-0.0009599337354302406
2,10,0.03122033178806305,0.019642475992441177,0.03486897423863411,0.022203883156180382,False,-0.0010872352868318558
1,9,0.05176406353712082,0.2316993921995163,0.05136057734489441,0.22989335656166077,False,-0.0014025494456291199
11,8,0.006465539801865816,0.0070527829229831696,0.038320161402225494,0.0370229072868824,False,-0.0018844972364604473
2,6,0.0121306162327528,0.016376255080103874,0.012043869122862816,0.014371749944984913,False,-0.0019177580252289772
2,4,0.050217121839523315,0.06804043054580688,0.05500778928399086,0.07073758542537689,False,-0.0020935125648975372
1,11,0.0016513721784576774,0.021305423229932785,0.0014715661527588964,0.018985630944371223,False,-0.0021399862598627806
12,11,0.008439769968390465,0.004579681903123856,0.012359828688204288,0.0032100884709507227,False,-0.005289652151986957
5,8,0.0012647997355088592,0.02161995880305767,0.0008229577215388417,0.015244907699525356,False,-0.005933209089562297
3,12,0.03359133005142212,0.04847589507699013,0.021083317697048187,0.025862164795398712,False,-0.010105717927217484
2,9,0.013674306683242321,0.08710549771785736,0.0185222364962101,0.08177884668111801,False,-0.010174580849707127
12,12,0.003269636770710349,0.004378966521471739,0.022193774580955505,0.012883993797004223,False,-0.010419110534712672
3,4,0.0804445818066597,0.01408964954316616,0.08918561041355133,0.01095183752477169,False,-0.011878840625286102
1,6,0.12785932421684265,0.03231516480445862,0.147201806306839,0.03720378503203392,False,-0.014453861862421036
11,4,0.0013756327098235488,0.03652741014957428,0.02688509225845337,0.04693880304694176,False,-0.015098066651262343
11,12,0.029643336310982704,0.020589087158441544,0.05606759339570999,0.021792922168970108,False,-0.025220422074198723
10,12,0.014861984178423882,0.01149629894644022,0.0918118879199028,0.03381069004535675,False,-0.05463551264256239
11,5,0.1664632260799408,0.00882052630186081,0.6185598969459534,0.008949784561991692,False,-0.4519674126058817
